{"cameraMode":{"drawMode":0,"name":"Shaded","section":"Shading Mode"},"sceneLighting":true,"audioPlay":false,"sceneViewState":{"m_AlwaysRefresh":false,"showFog":true,"showSkybox":true,"showFlares":true,"showImageEffects":true,"showParticleSystems":true,"showVisualEffectGraphs":true,"m_FxEnabled":true},"in2DMode":false,"pivot":{"x":0.004908561706542969,"y":1.2734298706054688,"z":84.96771240234375},"rotation":{"x":-0.1580457091331482,"y":0.15833334624767304,"z":-0.025681857019662858,"w":-0.9743240475654602},"size":3.207012176513672,"orthographic":false}